Quanto é 1500 a 4% de juros simples por 1 ano?,1560
Quanto é 1500 a 4% de juros compostos por 1 ano?,1560
Quanto é 2000 a 3% de juros simples por 2 anos?,2120
Quanto é 2000 a 3% de juros compostos por 2 anos?,2121.80
Quanto é 2500 a 6% de juros simples por 1 ano?,2650
Quanto é 2500 a 6% de juros compostos por 1 ano?,2650
Quanto é 3000 a 2% de juros simples por 3 anos?,3180
Quanto é 3000 a 2% de juros compostos por 3 anos?,3183.62
Quanto é 3500 a 5% de juros simples por 2 anos?,3850
Quanto é 3500 a 5% de juros compostos por 2 anos?,3858.75
Quanto é 4000 a 4% de juros simples por 1 ano?,4160
Quanto é 4000 a 4% de juros compostos por 1 ano?,4160
Quanto é 4500 a 3% de juros simples por 3 anos?,4905
Quanto é 4500 a 3% de juros compostos por 3 anos?,4916.41
Quanto é 5000 a 2% de juros simples por 2 anos?,5200
Quanto é 5000 a 2% de juros compostos por 2 anos?,5202
Quanto é 6000 a 5% de juros simples por 1 ano?,6300
Quanto é 6000 a 5% de juros compostos por 1 ano?,6300
Quanto é 7000 a 6% de juros simples por 2 anos?,7840
Quanto é 7000 a 6% de juros compostos por 2 anos?,7858.52
Quanto é 8000 a 4% de juros simples por 3 anos?,8960
Quanto é 8000 a 4% de juros compostos por 3 anos?,8980.99
Quanto é 9000 a 3% de juros simples por 1 ano?,9270
Quanto é 9000 a 3% de juros compostos por 1 ano?,9270
Quanto é 10000 a 2% de juros simples por 3 anos?,10600
Quanto é 10000 a 2% de juros compostos por 3 anos?,10612.12
Quanto é 11000 a 5% de juros simples por 2 anos?,12100
Quanto é 11000 a 5% de juros compostos por 2 anos?,12155.25
Quanto é 12000 a 6% de juros simples por 1 ano?,12720
Quanto é 12000 a 6% de juros compostos por 1 ano?,12720
Quanto é 13000 a 4% de juros simples por 3 anos?,14560
Quanto é 13000 a 4% de juros compostos por 3 anos?,14642.62
Quanto é 14000 a 3% de juros simples por 2 anos?,14840
Quanto é 14000 a 3% de juros compostos por 2 anos?,14881.18
Quanto é 15000 a 2% de juros simples por 1 ano?,15300
Quanto é 15000 a 2% de juros compostos por 1 ano?,15300
Quanto é 16000 a 5% de juros simples por 3 anos?,18400
Quanto é 16000 a 5% de juros compostos por 3 anos?,18522
Quanto é 17000 a 6% de juros simples por 2 anos?,18920
Quanto é 17000 a 6% de juros compostos por 2 anos?,19037.52
Quanto é 18000 a 4% de juros simples por 1 ano?,18720
Quanto é 18000 a 4% de juros compostos por 1 ano?,18720
Quanto é 19000 a 3% de juros simples por 3 anos?,20710
Quanto é 19000 a 3% de juros compostos por 3 anos?,20794.77
Quanto é 20000 a 2% de juros simples por 2 anos?,20800
Quanto é 20000 a 2% de juros compostos por 2 anos?,20808
Quanto é 21000 a 5% de juros simples por 1 ano?,22050
Quanto é 21000 a 5% de juros compostos por 1 ano?,22050
Quanto é 22000 a 6% de juros simples por 3 anos?,25960
Quanto é 22000 a 6% de juros compostos por 3 anos?,26136.78
